{"cameraMode":{"drawMode":0,"name":"Shaded","section":"Shading Mode"},"sceneLighting":false,"audioPlay":false,"sceneViewState":{"showFog":true,"showMaterialUpdate":false,"showSkybox":true,"showFlares":true,"showImageEffects":true,"showParticleSystems":true},"in2DMode":false,"pivot":{"x":3.3276114463806154,"y":21.610740661621095,"z":3.204385757446289},"rotation":{"x":0.6463451981544495,"y":-0.01258880365639925,"z":0.010665220208466053,"w":0.7628692984580994},"size":3.6808841228485109,"orthographic":false}